{
"equilibrium": {
"time": [
2.2
],
"time_slice": [
{
"boundary": {
"outline": {
"r": [
1.09857448,
1.10107653,
1.10623979,
1.11749239,
1.12862019,
1.14142196,
1.1556618,
1.1717319,
1.1853125,
1.20708668,
1.22688761,
1.25232115,
1.28636385,
1.318125,
1.35796875,
1.3978125,
1.43765625,
1.49078125,
1.54390625,
1.59703125,
1.65015625,
1.69,
1.73679835,
1.78296875,
1.8228125,
1.85935446,
1.89100825,
1.9290625,
1.96890625,
1.99546875,
2.0353125,
2.061875,
2.09080509,
2.1209425,
2.14707799,
2.16989413,
2.1946875,
2.21748388,
2.23453125,
2.2530316,
2.26709256,
2.27340704,
2.26545439,
2.24931422,
2.23453125,
2.20796875,
2.18731606,
2.16433081,
2.13872738,
2.11038266,
2.07859133,
2.04859375,
2.02203125,
1.98493873,
1.955625,
1.91916906,
1.88921875,
1.849375,
1.82195601,
1.78296875,
1.743125,
1.71406885,
1.67671875,
1.636875,
1.59703125,
1.55739581,
1.52147222,
1.48328278,
1.44169362,
1.3978125,
1.35796875,
1.318125,
1.28212811,
1.26354451,
1.24807511,
1.23540871,
1.22235116,
1.20787835,
1.1922848,
1.17628779,
1.1606903,
1.14623628,
1.13350226,
1.1228263,
1.11426669,
1.10577126,
1.10149109,
1.09867369,
1.09857448
],
"z": [
0.0,
0.1,
0.175,
0.275,
0.35,
0.425,
0.5,
0.575,
0.629321903,
0.7,
0.75,
0.8,
0.85,
0.884833933,
0.917270289,
0.940481346,
0.956487847,
0.968880759,
0.972404522,
0.968626783,
0.957497194,
0.944692082,
0.925,
0.900889087,
0.876060428,
0.85,
0.825,
0.79184006,
0.753015263,
0.724500626,
0.67756847,
0.642585575,
0.6,
0.55,
0.5,
0.45,
0.389305282,
0.325,
0.270090778,
0.2,
0.125,
0.025,
-0.075,
-0.15,
-0.200346367,
-0.274405768,
-0.325,
-0.375,
-0.425,
-0.475,
-0.525,
-0.568278482,
-0.603803006,
-0.65,
-0.684490742,
-0.725,
-0.757151603,
-0.797873217,
-0.825,
-0.862602594,
-0.89915645,
-0.925,
-0.957259779,
-0.989904766,
-1.02078919,
-1.05,
-1.075,
-1.1,
-1.125,
-1.1484445,
-1.16720912,
-1.18383562,
-1.19577478,
-1.125,
-1.05,
-0.975,
-0.9,
-0.825,
-0.75,
-0.675,
-0.6,
-0.525,
-0.45,
-0.375,
-0.3,
-0.2,
-0.125,
-0.025,
0.0
]
},
"x_point": []
},
"global_quantities": {
"beta_normal": 1.8812508386326823,
"beta_tor": 2.1268025152620873,
"ip": 1176440.5,
"magnetic_axis": {
"b_field_tor": -1.6882835032024985,
"r": 1.76618932,
"z": 0.0257447847
},
"psi_axis": -2.8519254896024266,
"psi_boundary": -1.2778084616735739,
"q_95": -4.670069431426803,
"q_axis": -1.05888339,
"q_min": {
"rho_tor_norm": 0.171993887,
"value": -1.03349332
}
},
"profiles_1d": {
"area": [
0.0,
0.09394771392754994,
0.19620187780093643,
0.3189383373489864,
0.4586159616904284,
0.6121940244176352,
0.7868337922290841,
0.9858645574177821,
1.2141140468497595,
1.4805174460593133,
1.8312770857111844
],
"b_field_average": [
1.6999712890886318,
1.7311693497576446,
1.748366442057958,
1.7638171603625326,
1.7812919292980822,
1.797853547045855,
1.8173004085093079,
1.8399926511829914,
1.8699277781697081,
1.901890562300158,
1.9590922050456434
],
"b_field_max": [
1.7000135156578506,
1.8860423479253194,
1.9780813955311451,
2.0628498215072666,
2.1462540422627603,
2.2292459572627648,
2.316192974541625,
2.4088970667825307,
2.5091707144541444,
2.6191133057118723,
2.7461487108880114
],
"b_field_min": [
1.6999325826245217,
1.5932481638089833,
1.5520981081026273,
1.5171665657100064,
1.4872788302003361,
1.460528914341451,
1.4356529279302164,
1.4122845812992433,
1.3903696096411007,
1.3697774679141155,
1.35536921855654
],
"darea_dpsi": [
0.42179034663106046,
0.6081545558223113,
0.7068163223497433,
0.8486913219500695,
0.9209183823694712,
1.039584242260384,
1.1825005930202754,
1.3514381516276779,
1.5564186074052866,
1.8648426328734706,
3.590968128769863
],
"darea_drho_tor": [
-0.05815931724636436,
1.0990959180355657,
1.569261344032416,
1.9784562993531127,
2.34995446602274,
2.6829636169407394,
2.9997830451133836,
3.3044678340349583,
3.5981747023863337,
3.8774409512523054,
3.9776274738728716
],
"dpressure_dpsi": [
-254894.36674260808,
-138919.07720795966,
-61895.61523127692,
-51252.51694105347,
-42395.032706678445,
-33968.13599562675,
-28802.966195061384,
-25353.554576525377,
-24845.68243142826,
-23871.019501623778,
-7141.8373334818825
],
"dpsi_drho_tor": [
-0.0008642960955533686,
1.8070309728477674,
2.2200344492924198,
2.3310908209084698,
2.5516972945833865,
2.5808138062852914,
2.5368487028233226,
2.4452181989864124,
2.3119356444967885,
2.079618410206503,
1.008942603767886
],
"dvolume_dpsi": [
4.680481933699872,
6.669213106777199,
7.681415022507725,
9.127319789828638,
9.805073264558908,
10.937283619116469,
12.268721089024474,
13.79403651816025,
15.574836655523386,
18.16800010083012,
31.84438551523715
],
"dvolume_drho_tor": [
-0.6419025485418137,
12.05282716552371,
17.05408836019403,
21.277397616727644,
25.020045095558498,
28.227000194817037,
31.1235029472552,
33.728600493597156,
36.00661795615306,
37.77644970601541,
34.97079934672843
],
"elongation": [
1.346235828571099,
1.349530960096216,
1.3623538020549597,
1.394865639857461,
1.4253010252396932,
1.4532094536172533,
1.4880328806860212,
1.5307864542811667,
1.584520437431696,
1.6581927179785134,
1.8491179793278092
],
"f": [
-3.00233559,
-3.01489794,
-3.010504788,
-3.006104942,
-2.99846916,
-2.99313409,
-2.9885783320000003,
-2.9845177720000002,
-2.981008682,
-2.978631412,
-2.98182829
],
"f_df_dpsi": [
0.4668995893926372,
0.018977609573880456,
-0.09414255901765244,
-0.1087813765764626,
-0.1363223732747882,
-0.08977317975254775,
-0.08194425802015964,
-0.0724231550007019,
-0.06068836345862387,
-0.023292457192495872,
-0.007414049518286559
],
"geometric_axis": {
"r": [
1.7661077614490959,
1.756577244967206,
1.7492123987982835,
1.7420840744129673,
1.735015454313177,
1.7280896533976073,
1.7207957159128677,
1.7130877655278338,
1.7049012002055266,
1.6961039489172742,
1.685990742856715
],
"z": [
0.025859026394755347,
0.0250372632360099,
0.024286498398406842,
0.023059754822565993,
0.021310009345254424,
0.0189204363716855,
0.015066496492120865,
0.008677634487818144,
-0.002333878761031864,
-0.023600533860966846,
-0.11379746643867167
]
},
"gm1": [
0.3206016122415474,
0.32944644268323975,
0.33676086425051105,
0.34537042459338196,
0.3541541552557941,
0.36462209428531983,
0.37702029895076533,
0.39189816599417,
0.4102763088461982,
0.4352739966938668,
0.527020661624214
],
"gm5": [
2.889909029531883,
3.022800913101529,
3.0965737381184133,
3.1727951929939735,
3.2491831566784497,
3.337364653834405,
3.441083649971619,
3.5657147247628993,
3.7208818271548485,
3.9334277633801036,
4.72862462930946
],
"gm8": [
1.76610755837194,
1.751802387898616,
1.7426405356903807,
1.7320585376034057,
1.723522465398273,
1.7121525285105523,
1.6984038578990495,
1.6814839283478964,
1.65990320738499,
1.627269045516913,
1.4612553356522786
],
"gm9": [
0.5662169302959419,
0.572930753615322,
0.5781541479940392,
0.5842351239569449,
0.5901286730191294,
0.5972259079439026,
0.6055876809302135,
0.6155743290031462,
0.6278752822306459,
0.6448908072563743,
0.713877504743268
],
"j_tor": [
1506674.7191454207,
1468964.2609210282,
946836.8170429524,
872734.6640009028,
860440.3524619186,
631410.1783667975,
553920.6868164033,
489319.8662787532,
446908.7365522224,
311181.0743658643,
90225.94686657652
],
"phi": [
0.0,
-0.16468386523293738,
-0.34277644264416185,
-0.5594682161547515,
-0.8093511264296661,
-1.0876413253344717,
-1.409645841032669,
-1.7838692837955048,
-2.223037688463154,
-2.75008017203895,
-3.4743516813289115
],
"pressure": [
96188.5223,
64004.522319999975,
50242.908440000014,
41459.52126000001,
33984.159620000006,
28051.54,
23129.96786,
18896.726959999996,
14937.448939999998,
11002.110919999994,
634.824782
],
"psi": [
-2.851838945008006,
-2.6944358966745625,
-2.5370328483411195,
-2.3796298000076765,
-2.222226751674233,
-2.0648237033407897,
-1.9074206550073467,
-1.7500176066739035,
-1.5926145583404603,
-1.435211510007017,
-1.2778084616735739
],
"q": [
-1.05888339,
-1.0530125380000002,
-1.2378145039999995,
-1.5107073879999997,
-1.6546948419999998,
-1.89956812,
-2.2000346939999997,
-2.5678394540000005,
-3.032036626,
-3.7458721720000017,
-8.01667092
],