{
"core_transport": {
"ids_properties": {
"comment": "TGYRO"
},
"model": [
{
"identifier": {
"index": 2,
"name": "neo_TGYRO"
},
"profiles_1d": [
{
"electrons": {
"energy": {
"flux": [
0.0,
0.00042186141831976,
9.981143529492e-05,
0.000148213761183,
0.0001949589313035,
0.00015554826866985002,
0.00014122150000644,
0.00012456128300579998,
0.0001274128822592
]
},
"particles": {
"flux": [
0.0,
0.020086706905508,
0.003948433807620001,
0.0007987267722332,
0.007098263008497,
0.00470473422039,
0.00925174730485,
0.009245792878152,
0.01287941953086
]
}
},
"grid_d": {
"rho_tor": [
0.0,
0.2,
0.2857143,
0.3714286,
0.4571429,
0.5428571,
0.6285714,
0.7142857,
0.8
]
},
"ion": [
{
"energy": {
"flux": [
0.0,
0.013486699920223999,
0.005115369637278,
0.004121621271,
0.00389328916011,
0.0027216979036569,
0.0025083847693212003,
0.002334427431105,
0.00254652837136
]
},
"momentum": {
"radial": {
"flux": [
0.0,
0.0040001954687604,
0.0004390811996571,
0.00022829588059524998,
-0.00023386421057382001,
-0.00012243843637875,
-0.00026041565034722,
-0.00034891613765044996,
-0.0002861788126776
]
}
},
"particles": {
"flux": [
0.0,
-0.9865480415780999,
-0.135318694888,
-0.09018289853047999,
0.07008294108771,
0.0293075457975,
0.09346890775765,
0.1147357610424,
0.015133070669715
]
}
},
{
"energy": {
"flux": [
0.0,
0.004423488034743999,
0.0007771638401009999,
0.0005556868401600001,
0.000210305249595,
0.00019791856682577002,
7.921545462494e-05,
4.3437607487e-05,
0.000228169055984
]
},
"momentum": {
"radial": {
"flux": [
0.0,
-0.0042136160496066,
-0.00047703692929165,
-0.0003023821360138,
0.00013897372321853999,
3.5379359743650004e-05,
0.00015217729098386,
0.00014891411220632,
-2.6512858402239003e-05
]
}
},
"particles": {
"flux": [
0.0,
0.16775233593716,
0.02321427645925,
0.015166557874235998,
-0.010492766787320999,
-0.00409411452123,
-0.01401846624597,
-0.01756593690904,
-0.00018883936956897
]
}
},
{
"energy": {
"flux": [
0.0,
0.0,
0.0,
0.0,
0.0,
0.0,
0.0,
0.0,
0.0
]
},
"momentum": {
"radial": {
"flux": [
0.0,
0.0,
0.0,
0.0,
0.0,
0.0,
0.0,
0.0,
0.0
]
}
},
"particles": {
"flux": [
0.0,
0.0,
0.0,
0.0,
0.0,
0.0,
0.0,
0.0,
0.0
]
}
}
]
}
]
},
{
"identifier": {
"index": 2,
"name": "tur_TGYRO"
},
"profiles_1d": [
{
"electrons": {
"energy": {
"flux": [
0.0,
0.01222612908544,
0.015015625235221,
0.009615425198400002,
0.0659730531159,
0.096778788696219,
0.08481676338348,
0.0747657604614,
0.0660578018176
]
},
"particles": {
"flux": [
0.0,
0.60155453115559,
0.9180885491599999,
0.43355664533016,
0.8299196813817,
0.929087173866,
0.9480548153955,
1.0141890313600002,
1.1384933842377
]
}
},
"grid_d": {
"rho_tor": [
0.0,
0.2,
0.2857143,
0.3714286,
0.4571429,
0.5428571,
0.6285714,
0.7142857,
0.8
]
},
"ion": [
{
"energy": {
"flux": [
0.0,
0.014878376999671998,
0.040181902383530005,
0.033894337851,
0.043598985349500005,
0.042564198022437,
0.041245896139346,
0.0403632665438,
0.031073705299199998
]
},
"momentum": {
"radial": {
"flux": [
0.0,
-0.025027296019362003,
-0.0039069798495,
0.029013688886976,
-0.020359337446668,
-0.015048570379335,
-0.00077340478188964,
-0.0019573102879257,
-0.015958800921603
]
}
},
"particles": {
"flux": [
0.0,
-0.35406759673762,
1.01080359459,
0.8892489984066,
1.4968403935641001,
1.6770122668035001,
0.858655276003,
2.5282560548000004,
-2.5648039268649
]
}
},
{
"energy": {
"flux": [
0.0,
0.00453841890386,
0.0012773611649611,
-0.0002678375358,
0.0057309333421199996,
0.0062849229904566005,
0.007527967390834001,
0.00533199151021,
0.00908858597472
]
},
"momentum": {
"radial": {
"flux": [
0.0,
-0.01581501795237,
-0.00048025712775040004,
0.0019291853503697,
-0.016065399235908,
-0.0023289044109050003,
-0.0017957638862156,
-0.023700428597693,
-0.025732432441614002
]
}
},
"particles": {
"flux": [
0.0,
0.15927034089672001,
-0.01545252238285,
-0.07594872551274,
-0.11115344040561,
-0.12465416628495,
0.01489990034893,
-0.2523444702632,
0.6172161976496701
]
}
},
{
"energy": {
"flux": [
0.0,
0.0,
0.0,
0.0,
0.0,
0.0,
0.0,
0.0,
0.0
]
},
"momentum": {
"radial": {
"flux": [
0.0,
0.0,
0.0,
0.0,
0.0,
0.0,
0.0,
0.0,
0.0
]
}
},
"particles": {
"flux": [
0.0,
0.0,
0.0,
0.0,
0.0,
0.0,
0.0,
0.0,
0.0
]
}
}
]
}
]
},
{
"identifier": {
"index": 2,
"name": "tot_TGYRO"
},
"profiles_1d": [
{
"electrons": {
"energy": {
"flux": [
0.0,
0.01264799196368,
0.015115438491718,
0.009763640731800001,
0.0661680159042,
0.096934335496173,
0.08495802379485999,
0.07489034510209999,
0.066185230608
]
},
"particles": {
"flux": [
0.0,
0.62164122155852,
0.92203678746,
0.43435533258965997,
0.8370180106514999,
0.9337919033250001,
0.957306422281,
1.0234352653040002,
1.1513725533594
]
}
},
"grid_d": {
"rho_tor": [
0.0,
0.2,
0.2857143,
0.3714286,
0.4571429,
0.5428571,
0.6285714,
0.7142857,
0.8
]
},
"momentum_tor": {
"flux": [
0.0,
-0.04106041459774801,
-0.004427203315262001,
0.030847351756425997,
-0.03637966146564,
-0.0173869272954,
-0.0027655285385882,
-0.025886902860060998,
-0.04208330539848
]
},
"total_ion_energy": {
"flux": [
0.0,
0.037326981154944,
0.04735178526394,
0.03830382535500001,
0.05343350471654999,
0.051768738168777,
0.051361464360394,
0.0480731237089,
0.042936988537599995
]
}
}
]
},
{
"identifier": {
"index": 2,
"name": "target_TGYRO"
},
"profiles_1d": [
{
"electrons": {
"energy": {
"flux": [
0.0,
0.014800655171783998,
0.016190186751691,
0.015579514680300001,
0.0662518301151,
0.097471190305104,
0.08441651636536,
0.0741593540443,
0.0656451230416
]
},
"particles": {
"flux": [
0.0,
0.58819602431615,
0.693125928865,
0.7528206860564,
0.8255129559884999,
0.8913257801234999,
0.951332359046,
1.023527111968,
1.1310743868498
]
}
},
"grid_d": {
"rho_tor": [
0.0,
0.2,
0.2857143,
0.3714286,
0.4571429,
0.5428571,
0.6285714,
0.7142857,
0.8
]
},
"momentum_tor": {
"flux": [
0.0,
-0.015707961111570003,
-0.017506727917770002,
-0.017445287498753,
-0.016679579120622,
-0.015035442828410002,
-0.012943939363062,
-0.01091554062704,
-0.009032724793623001
]
},
"total_ion_energy": {
"flux": [
0.0,
0.043526505418544,
0.050314918989810005,
0.052675262028000006,
0.05442381372225,
0.053942633455557006,
0.051294025328258,
0.0474816625183,
0.0429802776656
]
}
}
]
},
{
"identifier": {
"index": 2,
"name": "power_balance_TGYRO"
},
"profiles_1d": [
{
"electrons": {
"energy": {
"flux": [
NaN,
0.009243689127663159,
0.015469572343974242,
0.016754880072729936,
0.019219820038035396,
0.09657889174324084,
0.08664766111963791,
0.07427089267434203,
0.0641471236666612,
0.053570854814345,
0.021375879547591015
]
}
},
"grid_d": {
"rho_tor_norm": [
0.0,
0.1,
0.2,
0.30000000000000004,
0.4,
0.5,
0.6000000000000001,
0.7000000000000001,
0.8,
0.9,
1.0
]
},
"momentum_tor": {
"flux": [
NaN,
-0.006496923277132045,
-0.012182237038095884,
-0.014417536565473217,
-0.014892920362811727,
-0.014981774398647582,
-0.014032222409797538,
-0.012638551176935721,
-0.011090889618265837,
-0.009227651205998685,
-0.003590919500105785
]
},
"total_ion_energy": {
"flux": [
NaN,
0.023690828252450807,
0.04285759204243798,
0.050512566694946553,
0.05332113368332435,
0.05548538206905228,
0.0538305480683191,
0.049824985713327385,
0.04447828241694833,
0.03686861494250015,
0.011727888607204596
]
}
}
]
}
],
"time": [
2100
]
}
}