{
"core_profiles": {
"global_quantities": {
"current_bootstrap": [
346284.6905336951
],
"current_non_inductive": [
446083.57444269507
],
"ip": [
1065872.7585913902
]
},
"profiles_1d": [
{
"electrons": {
"density_thermal": [
6.153301513064224e+19,
6.072762281483232e+19,
5.885729236754774e+19,
5.692367678072974e+19,
5.526228684234751e+19,
5.3297847426355044e+19,
4.988852240114006e+19,
4.556449870196476e+19,
4.249458128917788e+19,
4.299983658571378e+19,
1.1915456062606385e+19
],
"temperature": [
4478.681613367712,
4350.42479607076,
4039.861244674949,
3679.3153875840926,
3337.759993200065,
3031.289699466066,
2564.285814891939,
2029.6658475499978,
1654.5401260133508,
1402.5116784994386,
152.83200221874725
]
},
"grid": {
"psi": [
-2.2834845617831316,
-2.2571930865463585,
-2.1722300149049625,
-2.0203336577701947,
-1.8138721805354978,
-1.5857934679610812,
-1.3548792513036498,
-1.122929849596885,
-0.8892832652394316,
-0.6650313151962118,
-0.4804321082596817
],
"rho_tor_norm": [
0.0,
0.1,
0.2,
0.30000000000000004,
0.4,
0.5,
0.6000000000000001,
0.7000000000000001,
0.8,
0.9,
1.0
]
},
"ion": [
{
"density_fast": [
5.79273799747985e+18,
5.907904318626642e+18,
5.090237936959461e+18,
3.4228834997602534e+18,
2.3392646810048445e+18,
1.8033001241542382e+18,
1.4101607462619786e+18,
1.0894693135110842e+18,
7.234870317249535e+17,
3.012864415730691e+17,
1.286931018402506e+16
],
"density_thermal": [
3.88865024150904e+19,
3.801798707870325e+19,
3.7011400638576615e+19,
3.6608210055324336e+19,
3.5737379467600765e+19,
3.417687527914217e+19,
3.156047752965982e+19,
2.833738660292306e+19,
2.6315527434282082e+19,
2.7434457689294246e+19,
5.825700984853701e+18
],
"element": [
{
"a": 2,
"z_n": 1
}
],
"label": "D",
"multiple_states_flag": 0,
"pressure_fast_parallel": [
7668.326125047689,
7796.790544592077,
6609.831368303103,
4325.980743349943,
2849.9692198809516,
2134.720037667665,
1627.9660389679375,
1207.0265218716697,
767.3791405038075,
312.00521274879014,
17.62462430411215
],
"pressure_fast_perpendicular": [
7668.326125047689,
7796.790544592077,
6609.831368303103,
4325.980743349943,
2849.9692198809516,
2134.720037667665,
1627.9660389679375,
1207.0265218716697,
767.3791405038075,
312.00521274879014,
17.62462430411215
],
"temperature": [
4382.038607678605,
4472.695747537356,
4648.511506329244,
4683.11668081682,
4392.391904395418,
3700.885821283767,
3112.839340722456,
2870.4838054152883,
2591.5342117402274,
2212.938654971922,
1501.0148415789579
]
},
{
"density_thermal": [
2.8089624530119977e+18,
2.8002885695837394e+18,
2.7926089653352755e+18,
2.815430537607524e+18,
2.8642737822903173e+18,
2.8862786705097733e+18,
2.8196473542030423e+18,
2.6896071309217705e+18,
2.5759278038618076e+18,
2.5440154091410765e+18,
1.0333441589687611e+18
],
"element": [
{
"a": 12,
"z_n": 6
}
],
"label": "C",
"multiple_states_flag": 0,
"temperature": [
4382.038607678605,
4472.695747537356,
4648.511506329244,
4683.11668081682,
4392.391904395418,
3700.885821283767,
3112.839340722456,
2870.4838054152883,
2591.5342117402274,
2212.938654971922,
1501.0148415789579
]
}
],
"j_bootstrap": [
5.268925935752469e-11,
196174.36600318638,
155531.51576542496,
128878.93192557506,
138844.86091124266,
184213.8209067839,
232532.29898277833,
183742.89216293287,
90197.90246379364,
123734.79159513996,
435216.46403579775
],
"j_non_inductive": [
259615.33993296436,
512401.4461589596,
425249.90584143257,
294604.365247315,
224838.61367633438,
237684.77431770167,
268628.834538136,
211614.86709872764,
115881.46781886315,
139418.87497732567,
436540.938114418
],
"j_ohmic": [
1002902.3539630279,
896699.0754074027,
1227965.8318872566,
1306611.455248153,
915151.5409396342,
647625.0758088263,
607582.9772551105,
699095.1573703208,
659057.6839442585,
301558.10400674393,
11383.382715548278
],
"j_tor": [
990143.1959369512,
881203.9641274553,
1192927.9944640012,
1252422.5062141723,
866718.5925667231,
605231.2235082989,
557998.4376175996,
629756.7257376306,
582390.7096784471,
260576.74790899214,
8682.007380885207
],
"j_total": [
1002902.3539630279,
896699.0754074027,
1227965.8318872566,
1306611.455248153,
915151.5409396342,
647625.0758088263,
607582.9772551105,
699095.1573703208,
659057.6839442585,
301558.10400674393,
11383.382715548278
],
"q": [
-1.4446427870299932,
-1.3636549771460789,
-1.2435497265666848,
-1.196233564545589,
-1.3188608752628013,
-1.5896910583500672,
-1.9042806339286455,
-2.202385854396358,
-2.5229492884002593,
-3.142880339842324,
-26.603425324330118
],
"zeff": [
2.369490401395846,
2.38336811476496,
2.4234135752777384,
2.4837923497734917,
2.5549159902456786,
2.6246127056995636,
2.695568771228194,
2.7708570537652766,
2.8185338405848612,
2.774901216708087,
3.5
]
}
],
"vacuum_toroidal_field": {
"b0": [
-1.85627827
],
"r0": 1.69550002
}
}
}