{
"core_transport": {
"ids_properties": {
"comment": "TGYRO"
},
"model": [
{
"identifier": {
"index": 2,
"name": "neo_TGYRO"
},
"profiles_1d": [
{
"electrons": {
"energy": {
"flux": [
0.0,
0.0007566697823113,
9.048210520488001e-05,
0.00015371428342008,
0.000192594971968,
0.00016512266050245,
0.0001399384445093,
0.00012050972192889001,
0.00011964541002596999
]
},
"particles": {
"flux": [
0.0,
0.04655012429705,
0.003817890315606,
0.002134508140425,
0.007509892910756001,
0.00811515451032,
0.009270609702182,
0.008942464862415001,
0.011959504145279999
]
}
},
"grid_d": {
"rho_tor": [
0.0,
0.2,
0.2857143,
0.3714286,
0.4571429,
0.5428571,
0.6285714,
0.7142857,
0.8
]
},
"ion": [
{
"energy": {
"flux": [
0.0,
0.01976629782523,
0.005238940944397,
0.004516279032696,
0.0037075000261600002,
0.0027812239231314,
0.0024776536074025,
0.0022113376721444,
0.002306192150773
]
},
"momentum": {
"radial": {
"flux": [
0.0,
0.0014446169927531999,
0.00057245644634493,
0.0001555217199825,
-0.00022857635933118,
-0.0002906901733309,
-0.00024067506920976003,
-0.00030258886930895995,
-0.0002222550157125
]
}
},
"particles": {
"flux": [
0.0,
-0.3321914675937,
-0.16198018103108,
-0.080522438517,
0.08317731368391001,
0.1277211984942,
0.09319721667025999,
0.11032919668260001,
0.0037998488559087
]
}
},
{
"energy": {
"flux": [
0.0,
0.0028140820443417,
0.0008279426052523,
0.0005504089228896001,
0.000161631306312,
2.3363558812572e-05,
7.901422510815e-05,
4.0876414774230003e-05,
0.0002210018979948
]
},
"momentum": {
"radial": {
"flux": [
0.0,
-0.0017948550813508,
-0.0006271167846717,
-0.000289658057733,
0.00014816900578473,
0.00021461404875399998,
0.00013087354617909,
0.00012484350164832,
-2.440668661247e-05
]
}
},
"particles": {
"flux": [
0.0,
0.06310270214468,
0.027635782943349996,
0.01377422879415,
-0.012605746559547002,
-0.01992646268733,
-0.013973291110452,
-0.016881304572000003,
0.0014710554867500998
]
}
},
{
"energy": {
"flux": [
0.0,
0.0,
0.0,
0.0,
0.0,
0.0,
0.0,
0.0,
0.0
]
},
"momentum": {
"radial": {
"flux": [
0.0,
0.0,
0.0,
0.0,
0.0,
0.0,
0.0,
0.0,
0.0
]
}
},
"particles": {
"flux": [
0.0,
0.0,
0.0,
0.0,
0.0,
0.0,
0.0,
0.0,
0.0
]
}
}
]
}
]
},
{
"identifier": {
"index": 2,
"name": "tur_TGYRO"
},
"profiles_1d": [
{
"electrons": {
"energy": {
"flux": [
0.0,
0.013382626352348001,
0.014172719416953,
0.011069973660288,
0.06659964195359999,
0.09711553610778001,
0.0836100914994,
0.07397466635329,
0.06453971524576
]
},
"particles": {
"flux": [
0.0,
0.5429395326839,
0.9768214588706,
0.5619602857649999,
0.8411670987598,
0.8831298625769999,
0.9452505025847,
1.0123150408380002,
1.1558663756693999
]
}
},
"grid_d": {
"rho_tor": [
0.0,
0.2,
0.2857143,
0.3714286,
0.4571429,
0.5428571,
0.6285714,
0.7142857,
0.8
]
},
"ion": [
{
"energy": {
"flux": [
0.0,
0.015100484307062002,
0.04068979421724,
0.039574358997360004,
0.046467944404,
0.047992189789464006,
0.0413659115737,
0.04075683381155,
0.031059083841569995
]
},
"momentum": {
"radial": {
"flux": [
0.0,
0.0009516542945786799,
-0.008833124291817,
0.00111119000409,
-0.009858309143004,
-0.005679842591171,
0.0018039116999286002,
0.007395654040735999,
-0.00394117729952
]
}
},
"particles": {
"flux": [
0.0,
-1.29373383436,
1.2722201413096001,
0.9939185326949999,
1.6618671613584002,
3.52548018948,
0.9054164047561999,
2.5762024718640006,
-2.743509710529
]
}
},
{
"energy": {
"flux": [
0.0,
0.006214193716335,
0.00016492792369766,
0.00027292990097520003,
0.00599319371224,
0.0040832695513383,
0.007488161360425001,
0.0054648175317269995,
0.009146320191311
]
},
"momentum": {
"radial": {
"flux": [
0.0,
-0.015782327501416,
-0.0006326043379623,
-0.00546486655005,
-0.012286813477112999,
-0.010987173142162,
-0.006271545281877001,
-0.018145889543392,
-0.0068255137583799995
]
}
},
"particles": {
"flux": [
0.0,
0.306112270717,
-0.049233136310418,
-0.07199304115499999,
-0.13678329831746003,
-0.440391604899,
0.006639032984743,
-0.2606479705872,
0.6498958096701
]
}
},
{
"energy": {
"flux": [
0.0,
0.0,
0.0,
0.0,
0.0,
0.0,
0.0,
0.0,
0.0
]
},
"momentum": {
"radial": {
"flux": [
0.0,
0.0,
0.0,
0.0,
0.0,
0.0,
0.0,
0.0,
0.0
]
}
},
"particles": {
"flux": [
0.0,
0.0,
0.0,
0.0,
0.0,
0.0,
0.0,
0.0,
0.0
]
}
}
]
}
]
},
{
"identifier": {
"index": 2,
"name": "tot_TGYRO"
},
"profiles_1d": [
{
"electrons": {
"energy": {
"flux": [
0.0,
0.014139291107469,
0.014263201236185002,
0.011223686962752,
0.0667922279472,
0.09728072128857002,
0.083750065518,
0.07409519168685,
0.06465936213232
]
},
"particles": {
"flux": [
0.0,
0.5894896998573,
0.9806391706734,
0.5640951251249999,
0.8486770871134001,
0.891245147289,
0.9545212426940999,
1.0212571082970001,
1.1678263710858
]
}
},
"grid_d": {
"rho_tor": [
0.0,
0.2,
0.2857143,
0.3714286,
0.4571429,
0.5428571,
0.6285714,
0.7142857,
0.8
]
},
"momentum_tor": {
"flux": [
0.0,
-0.01511520687866,
-0.009528861118287001,
-0.0045237350865,
-0.022107711504816,
-0.01672305300806,
-0.0046343793678885,
-0.010964580750864,
-0.01110315912997
]
},
"total_ion_energy": {
"flux": [
0.0,
0.043895057334392,
0.04692160797837001,
0.04491397962072,
0.056330264799199996,
0.054880045168074,
0.051410741663905,
0.04847384899224,
0.04273259363616999
]
}
}
]
},
{
"identifier": {
"index": 2,
"name": "target_TGYRO"
},
"profiles_1d": [
{
"electrons": {
"energy": {
"flux": [
0.0,
0.014372094704495,
0.015800866687962,
0.015230945370264001,
0.0658497397992,
0.09704229805665,
0.08401650173439999,
0.07379951506664001,
0.06532245292547
]
},
"particles": {
"flux": [
0.0,
0.5881960346251001,
0.6931258297684,
0.752820750255,
0.8255131088746,
0.891325593327,
0.9513321796688,
1.023527704599,
1.1310743785986
]
}
},
"grid_d": {
"rho_tor": [
0.0,
0.2,
0.2857143,
0.3714286,
0.4571429,
0.5428571,
0.6285714,
0.7142857,
0.8
]
},
"momentum_tor": {
"flux": [
0.0,
-0.015660855164164,
-0.017255792532357,
-0.0172285139856,
-0.016496413641350998,
-0.014908370248492,
-0.012848667601194002,
-0.010833877145936,
-0.00898259974783
]
},
"total_ion_energy": {
"flux": [
0.0,
0.04395507081504001,
0.05070424275535001,
0.053023820214000005,
0.0548258911424,
0.054371534293938,
0.05169406237825001,
0.04784147464172,
0.04330291681279
]
}
}
]
},
{
"identifier": {
"index": 2,
"name": "power_balance_TGYRO"
},